INSERT INTO "constellations" ("constellation_id", "constellation_name", "galaxy_id", "added_by", "verified_by") VALUES
('1', 'CON-YKkuk', '1', '10', '37'),
('2', 'CON-UQ5ws', '2', '8', '69'),
('3', 'CON-KWac3', '2', '83', '85'),
('4', 'CON-DBczd', '2', '85', '59'),
('5', 'CON-GJ9mi', '2', '31', '24'),
('6', 'CON-NQv3c', '2', '74', '44'),
('7', 'CON-RF0gv', '3', '64', '24'),
('8', 'CON-NT9lt', '3', '49', '80'),
('9', 'CON-AHv6f', '3', '95', '57'),
('10', 'CON-EGb7f', '3', '61', '66'),
('11', 'CON-QEzvc', '3', '46', '74'),
('12', 'CON-XM4ph', '4', '43', '25'),
('13', 'CON-ZHp8k', '5', '21', '84'),
('14', 'CON-RE4mk', '5', '24', '29'),
('15', 'CON-BRrag', '5', '98', '89'),
('16', 'CON-GHppt', '6', '56', '34'),
('17', 'CON-DIdj9', '6', '92', '12'),
('18', 'CON-FX1hw', '6', '5', '68'),
('19', 'CON-AC8we', '6', '11', '8'),
('20', 'CON-VTmiq', '6', '41', '36'),
('21', 'CON-CT1zn', '7', '44', '46'),
('22', 'CON-CNhe8', '7', '10', '7'),
('23', 'CON-QAasc', '7', '56', '44'),
('24', 'CON-IRllv', '8', '29', '52'),
('25', 'CON-HI7zx', '9', '41', '45'),
('26', 'CON-SPnw0', '9', '93', '1'),
('27', 'CON-PX7ya', '9', '55', '35'),
('28', 'CON-CEzyy', '9', '78', '6'),
('29', 'CON-BJdtj', '9', '37', '54'),
('30', 'CON-LJ8aa', '10', '20', '56'),
('31', 'CON-VJ00b', '10', '14', '16'),
('32', 'CON-VVxkp', '10', '44', '68'),
('33', 'CON-XTn7u', '10', '38', '7'),
('34', 'CON-GC0wj', '11', '39', '87'),
('35', 'CON-YJa4t', '12', '91', '92'),
('36', 'CON-JWwec', '12', '27', '89'),
('37', 'CON-VEl0a', '12', '99', '33'),
('38', 'CON-YZfws', '13', '5', '61'),
('39', 'CON-ARzpr', '13', '88', '59'),
('40', 'CON-UR1qt', '13', '40', '16'),
('41', 'CON-UG20r', '14', '8', '54'),
('42', 'CON-YSxko', '14', '96', '31'),
('43', 'CON-WDgai', '14', '87', '85'),
('44', 'CON-KKb78', '14', '45', '24'),
('45', 'CON-QLf4l', '15', '19', '55'),
('46', 'CON-GJomn', '15', '42', '73'),
('47', 'CON-SJ7iy', '15', '67', '33'),
('48', 'CON-MCd2p', '16', '65', '96'),
('49', 'CON-KAamo', '16', '20', '61'),
('50', 'CON-FKuuf', '17', '56', '95'),
('51', 'CON-EBqbu', '17', '17', '55'),
('52', 'CON-PQiwf', '17', '81', '38'),
('53', 'CON-WKwsh', '18', '7', '33'),
('54', 'CON-ZRgad', '19', '8', '6'),
('55', 'CON-MUsas', '19', '6', '4'),
('56', 'CON-KJxqo', '19', '4', '30'),
('57', 'CON-CDg6f', '20', '3', '5'),
('58', 'CON-FW0pa', '20', '40', '15'),
('59', 'CON-RHitd', '20', '47', '57'),
('60', 'CON-DXdj1', '20', '95', '7'),
('61', 'CON-XElb0', '21', '16', '100'),
('62', 'CON-NK8rx', '22', '73', '74'),
('63', 'CON-DN9qr', '23', '11', '7'),
('64', 'CON-QWa8a', '23', '10', '85'),
('65', 'CON-JZruq', '23', '73', '1'),
('66', 'CON-TV228', '23', '99', '67'),
('67', 'CON-NLa98', '23', '74', '62'),
('68', 'CON-KZvfl', '24', '13', '43'),
('69', 'CON-GNhn9', '25', '2', '37'),
('70', 'CON-LHab5', '25', '85', '63'),
('71', 'CON-YXfhz', '25', '45', '41'),
('72', 'CON-KU408', '25', '29', '91'),
('73', 'CON-TSv1t', '26', '12', '6'),
('74', 'CON-QV9h3', '26', '7', '3'),
('75', 'CON-FM1lp', '27', '52', '27'),
('76', 'CON-AT5ou', '27', '98', '70'),
('77', 'CON-SAzgk', '27', '89', '63'),
('78', 'CON-JHj02', '27', '31', '26'),
('79', 'CON-LFf0r', '28', '82', '31'),
('80', 'CON-NVndy', '28', '56', '79'),
('81', 'CON-AVxxz', '29', '92', '80'),
('82', 'CON-BXkz4', '29', '27', '14'),
('83', 'CON-QM75n', '29', '52', '99'),
('84', 'CON-SIemz', '29', '51', '83'),
('85', 'CON-CT8wx', '30', '92', '58'),
('86', 'CON-PEjor', '30', '48', '32'),
('87', 'CON-RL7wn', '31', '28', '77'),
('88', 'CON-TMimz', '32', '71', '29'),
('89', 'CON-WHtni', '32', '92', '41'),
('90', 'CON-TZw03', '33', '44', '27'),
('91', 'CON-PNt8l', '33', '91', '2'),
('92', 'CON-TBi80', '34', '15', '29'),
('93', 'CON-TAsz4', '34', '98', '24'),
('94', 'CON-FJyzt', '35', '13', '25'),
('95', 'CON-KP6m3', '36', '5', '56'),
('96', 'CON-FD5h6', '36', '67', '17'),
('97', 'CON-ROp8q', '36', '59', '81'),
('98', 'CON-MTu7k', '36', '34', '18'),
('99', 'CON-QP33p', '36', '36', '38'),
('100', 'CON-RJasq', '37', '41', '36');



INSERT INTO "galaxies" ("galaxy_id", "galaxy_name", "galaxy_type", "distance_mly", "redshift", "mass_solar", "diameter_ly", "added_by", "verified_by") VALUES
('1', 'GAL-LPvfm', 'Barred Spiral', '5096', '4', '5434403', '647254', '15', '62'),
('2', 'GAL-TM8w0', 'Spiral', '9261', '1', '5785120', '283207', '87', '37'),
('3', 'GAL-FYfba', 'Lenticular', '9798', '3', '5794428', '983301', '62', '11'),
('4', 'GAL-YGb1h', 'Dwarf Elliptical', '2373', '6', '3040938', '517898', '43', '44'),
('5', 'GAL-OTax9', 'Dwarf Irregular', '12830', '9', '8402571', '772710', '60', '99'),
('6', 'GAL-HHhpy', 'Irregular', '1838', '6', '4241613', '934529', '86', '84'),
('7', 'GAL-NB1lc', 'Ring', '11877', '6', '5656214', '493364', '29', '86'),
('8', 'GAL-IReih', 'Elliptical', '6405', '5', '5522506', '116617', '41', '71'),
('9', 'GAL-IDm9e', 'Peculiar', '10673', '3', '2273302', '494581', '80', '77'),
('10', 'GAL-ZZlj0', 'Dwarf Elliptical', '6113', '3', '5737597', '844557', '26', '88'),
('11', 'GAL-KBrt5', 'Dwarf Irregular', '282', '4', '2646806', '689133', '96', '49'),
('12', 'GAL-DDrjo', 'Elliptical', '3731', '1', '6785013', '47868', '57', '8'),
('13', 'GAL-SVwfb', 'Irregular', '10079', '8', '8410952', '34431', '16', '85'),
('14', 'GAL-HA1a0', 'Peculiar', '6014', '1', '3295304', '980963', '40', '57'),
('15', 'GAL-OQcj5', 'Spiral', '675', '4', '6707493', '412358', '7', '5'),
('16', 'GAL-NAgg3', 'Ring', '5595', '3', '6861835', '540770', '33', '22'),
('17', 'GAL-ZI8bo', 'Lenticular', '7532', '1', '1069156', '851609', '18', '19'),
('18', 'GAL-TMfc4', 'Barred Spiral', '11417', '7', '7621707', '341164', '19', '25'),
('19', 'GAL-JKjz9', 'Elliptical', '1498', '3', '3239537', '135601', '79', '42'),
('20', 'GAL-RTy8v', 'Barred Spiral', '1509', '3', '7083930', '41632', '52', '91'),
('21', 'GAL-QBdz4', 'Peculiar', '129', '3', '8452899', '914488', '70', '26'),
('22', 'GAL-AP9y0', 'Spiral', '12963', '5', '8935458', '189964', '71', '29'),
('23', 'GAL-DM6b5', 'Dwarf Irregular', '2474', '3', '3592450', '610202', '72', '4'),
('24', 'GAL-UR5q2', 'Lenticular', '4765', '0', '1340476', '827795', '39', '35'),
('25', 'GAL-SPbwt', 'Irregular', '1359', '4', '5274624', '96626', '83', '45'),
('26', 'GAL-AKpgb', 'Dwarf Elliptical', '12392', '9', '6153616', '968861', '14', '17'),
('27', 'GAL-DWayy', 'Ring', '7372', '10', '1218744', '144557', '4', '80'),
('28', 'GAL-QX71f', 'Spiral', '2336', '3', '4737055', '699223', '63', '70'),
('29', 'GAL-JFzsu', 'Ring', '619', '4', '6267292', '109845', '54', '1'),
('30', 'GAL-XFjye', 'Lenticular', '12892', '2', '3489383', '347886', '32', '18'),
('31', 'GAL-ZI7a0', 'Barred Spiral', '9018', '3', '6397061', '707363', '28', '58'),
('32', 'GAL-URrwc', 'Dwarf Elliptical', '6525', '2', '8977193', '847280', '49', '32'),
('33', 'GAL-HFaqt', 'Dwarf Irregular', '3874', '6', '6583047', '872468', '27', '2'),
('34', 'GAL-ZXr1m', 'Elliptical', '6365', '3', '4713665', '739934', '31', '73'),
('35', 'GAL-HRn0u', 'Irregular', '8144', '1', '4407266', '909461', '30', '34'),
('36', 'GAL-HA4ma', 'Peculiar', '5881', '1', '2744709', '699915', '10', '36'),
('37', 'GAL-SKk8g', 'Dwarf Elliptical', '12688', '9', '2593758', '5634', '21', '28'),
('38', 'GAL-VWge8', 'Lenticular', '3050', '6', '5224344', '313593', '25', '21'),
('39', 'GAL-LSkqd', 'Irregular', '4994', '0', '7930516', '62744', '56', '68'),
('40', 'GAL-IZsll', 'Barred Spiral', '4953', '4', '8347072', '120935', '94', '10'),
('41', 'GAL-AM4a0', 'Ring', '4697', '1', '6983159', '252506', '11', '20'),
('42', 'GAL-UVac9', 'Dwarf Irregular', '11428', '6', '8884110', '523516', '22', '16'),
('43', 'GAL-KI14b', 'Elliptical', '777', '8', '1478226', '479114', '9', '53'),
('44', 'GAL-CNzko', 'Peculiar', '3951', '1', '5209423', '896637', '55', '92'),
('45', 'GAL-WTu5w', 'Spiral', '4473', '7', '7933306', '399428', '6', '15'),
('46', 'GAL-KTkfj', 'Dwarf Elliptical', '9099', '4', '4449695', '340938', '73', '64'),
('47', 'GAL-DSjkz', 'Dwarf Irregular', '3464', '3', '8488095', '890722', '89', '93'),
('48', 'GAL-DA0fa', 'Irregular', '12695', '2', '2123499', '215834', '99', '83'),
('49', 'GAL-NX74c', 'Ring', '7379', '2', '2273256', '930975', '58', '66'),
('50', 'GAL-KNu82', 'Elliptical', '3572', '4', '7894293', '629261', '65', '12'),
('51', 'GAL-DB3cr', 'Peculiar', '12604', '4', '4818976', '935752', '91', '13'),
('52', 'GAL-TWblp', 'Barred Spiral', '3779', '2', '2697007', '508849', '82', '95'),
('53', 'GAL-XFwqp', 'Spiral', '6092', '10', '5811950', '661511', '36', '51'),
('54', 'GAL-KP7sn', 'Lenticular', '8203', '0', '7461599', '900983', '5', '31'),
('55', 'GAL-TGpfx', 'Irregular', '905', '4', '3361875', '669855', '47', '6'),
('56', 'GAL-DZmdt', 'Barred Spiral', '7146', '7', '8328057', '661317', '38', '89'),
('57', 'GAL-MXkxd', 'Lenticular', '5207', '8', '8991426', '569497', '64', '82'),
('58', 'GAL-JXmfj', 'Peculiar', '11849', '1', '7253084', '989053', '44', '3'),
('59', 'GAL-CW4xp', 'Dwarf Irregular', '6352', '7', '6346885', '640283', '2', '81'),
('60', 'GAL-YEkfl', 'Dwarf Elliptical', '2860', '4', '4054114', '735044', '61', '24'),
('61', 'GAL-AJ2o9', 'Spiral', '2077', '6', '1231961', '946931', '81', '7'),
('62', 'GAL-GPzj1', 'Ring', '1501', '9', '4809801', '971648', '95', '50'),
('63', 'GAL-RP6j5', 'Elliptical', '5303', '3', '6441981', '679469', '59', '39'),
('64', 'GAL-ZG6uf', 'Spiral', '11174', '7', '4761719', '734620', '76', '63'),
('65', 'GAL-SNqkg', 'Ring', '5262', '2', '2274470', '735627', '97', '60'),
('66', 'GAL-LAajh', 'Elliptical', '7373', '8', '6437208', '143658', '100', '90'),
('67', 'GAL-TEdc1', 'Irregular', '8542', '3', '6918691', '806632', '53', '59'),
('68', 'GAL-PTdnd', 'Barred Spiral', '11015', '3', '1580114', '933473', '3', '46'),
('69', 'GAL-JBx3b', 'Lenticular', '2675', '0', '1475967', '372743', '66', '9'),
('70', 'GAL-KAd53', 'Peculiar', '4537', '9', '7692648', '908948', '45', '75'),
('71', 'GAL-MMix5', 'Dwarf Irregular', '3910', '9', '4549006', '616672', '13', '61'),
('72', 'GAL-KJafe', 'Dwarf Elliptical', '11778', '7', '4868179', '493114', '23', '40'),
('73', 'GAL-PH7fw', 'Lenticular', '10494', '1', '7172995', '830603', '1', '76'),
('74', 'GAL-YBx1m', 'Dwarf Elliptical', '10904', '0', '7187904', '523021', '50', '67'),
('75', 'GAL-XC7rc', 'Dwarf Irregular', '4329', '7', '3708158', '752983', '42', '97'),
('76', 'GAL-XD45p', 'Irregular', '8289', '10', '1829130', '60525', '20', '14'),
('77', 'GAL-NBymg', 'Ring', '7428', '4', '6291184', '620120', '51', '65'),
('78', 'GAL-NW4gd', 'Elliptical', '5456', '4', '3773237', '315529', '84', '43'),
('79', 'GAL-MYs2t', 'Peculiar', '8704', '3', '7876420', '834235', '92', '33'),
('80', 'GAL-SUes9', 'Barred Spiral', '8899', '1', '5629055', '466857', '8', '30'),
('81', 'GAL-LBjs9', 'Spiral', '876', '5', '3996842', '65281', '98', '79'),
('82', 'GAL-GE6yi', 'Peculiar', '11330', '3', '2870180', '153636', '34', '87'),
('83', 'GAL-GG2hk', 'Ring', '456', '7', '6840270', '904684', '78', '78'),
('84', 'GAL-VY3eb', 'Irregular', '3341', '10', '7087427', '939296', '90', '98'),
('85', 'GAL-JU4ik', 'Barred Spiral', '11604', '4', '1467847', '919719', '68', '94'),
('86', 'GAL-HMa23', 'Spiral', '9396', '10', '8063329', '983842', '67', '100'),
('87', 'GAL-EA9qo', 'Dwarf Irregular', '5819', '1', '2907322', '872879', '24', '54'),
('88', 'GAL-SRi3j', 'Elliptical', '1859', '3', '7080187', '626568', '48', '41'),
('89', 'GAL-YCc54', 'Dwarf Elliptical', '9791', '4', '7383003', '417189', '75', '48'),
('90', 'GAL-YGrsh', 'Lenticular', '8970', '1', '2389437', '554730', '37', '27'),
('91', 'GAL-LWnc0', 'Barred Spiral', '1509', '3', '4074937', '979959', '93', '47'),
('92', 'GAL-BXabd', 'Ring', '1098', '9', '7298796', '327353', '74', '69'),
('93', 'GAL-LJ0fq', 'Peculiar', '7320', '3', '2312569', '10196', '88', '55'),
('94', 'GAL-TYinq', 'Dwarf Irregular', '3293', '1', '4293041', '842868', '35', '23'),
('95', 'GAL-SYmjp', 'Irregular', '2555', '10', '2190588', '648739', '12', '38'),
('96', 'GAL-IAu9x', 'Spiral', '741', '3', '6621395', '81771', '17', '52'),
('97', 'GAL-ZAfrd', 'Lenticular', '2747', '3', '1025615', '711104', '69', '96'),
('98', 'GAL-GAdua', 'Elliptical', '4644', '4', '3663685', '751517', '85', '74'),
('99', 'GAL-JK8t0', 'Dwarf Elliptical', '8360', '2', '5091549', '769365', '77', '72'),
('100', 'GAL-NNuio', 'Barred Spiral', '943', '2', '7161635', '409638', '46', '56');



INSERT INTO "stars" ("star_id", "star_name", "constellation_id", "right_ascension", "declination", "apparent_magnitude", "spectral_type", "star_type", "added_by", "verified_by") VALUES
('1', 'S-UL520', '38', '10', '78', '-12', 'O', 'red dwarf star', '1', '89'),
('2', 'S-LT967', '64', '22', '75', '-19', 'A', 'eclipsing variable star', '2', '47'),
('3', 'S-DB099', '44', '21', '-82', '10', 'B', 'variable star', '2', '25'),
('4', 'S-BP558', '2', '19', '72', '22', 'K', 'supergiant star', '2', '43'),
('5', 'S-NE900', '61', '5', '8', '4', 'G', 'long-period variable star', '2', '86'),
('6', 'S-IY475', '81', '23', '71', '11', 'F', 'flare star', '2', '1'),
('7', 'S-JW368', '95', '19', '-73', '-28', 'M', 'neutron star', '3', '4'),
('8', 'S-YQ934', '59', '16', '34', '-6', 'M', 'giant star', '3', '46'),
('9', 'S-SW829', '76', '22', '-17', '4', 'G', 'white dwarf star', '3', '49'),
('10', 'S-NP727', '97', '8', '65', '-3', 'O', 'binary star', '3', '27'),
('11', 'S-CZ185', '100', '8', '2', '-28', 'A', 'dwarf star', '4', '23'),
('12', 'S-GE873', '53', '0', '-17', '3', 'K', 'brown dwarf', '5', '52'),
('13', 'S-KV945', '3', '18', '-19', '20', 'F', 'pulsar', '5', '34'),
('14', 'S-MI230', '66', '10', '1', '-3', 'B', 'blue straggler star', '5', '87'),
('15', 'S-KG435', '45', '12', '-49', '-6', 'O', 'supergiant star', '6', '95'),
('16', 'S-CD543', '13', '13', '-61', '13', 'F', 'long-period variable star', '7', '55'),
('17', 'S-AM644', '23', '10', '-12', '12', 'B', 'flare star', '7', '68'),
('18', 'S-CY204', '1', '2', '84', '-28', 'G', 'neutron star', '7', '95'),
('19', 'S-IA032', '50', '17', '22', '-2', 'A', 'giant star', '7', '5'),
('20', 'S-ZW080', '42', '11', '-41', '0', 'M', 'white dwarf star', '7', '82'),
('21', 'S-NR327', '20', '6', '53', '-14', 'K', 'binary star', '8', '50'),
('22', 'S-JP526', '51', '17', '89', '-5', 'B', 'dwarf star', '8', '10'),
('23', 'S-FU786', '84', '13', '-35', '7', 'G', 'brown dwarf', '8', '2'),
('24', 'S-IR302', '92', '2', '83', '-1', 'F', 'pulsar', '9', '56'),
('25', 'S-MY924', '8', '14', '29', '10', 'A', 'blue straggler star', '10', '20'),
('26', 'S-LH529', '98', '19', '-58', '-8', 'M', 'red dwarf star', '10', '23'),
('27', 'S-VA889', '34', '1', '-44', '12', 'K', 'eclipsing variable star', '10', '70'),
('28', 'S-GW592', '78', '10', '-69', '-11', 'O', 'variable star', '11', '5'),
('29', 'S-ZZ892', '90', '5', '81', '-12', 'F', 'giant star', '11', '1'),
('30', 'S-BR535', '68', '2', '79', '-26', 'B', 'binary star', '11', '88'),
('31', 'S-FY185', '67', '10', '-89', '28', 'M', 'supergiant star', '11', '4'),
('32', 'S-WV634', '24', '3', '-79', '14', 'G', 'neutron star', '11', '89'),
('33', 'S-AR566', '48', '5', '-87', '27', 'A', 'dwarf star', '12', '19'),
('34', 'S-YN822', '75', '22', '-64', '-5', 'K', 'red dwarf star', '13', '74'),
('35', 'S-KD066', '37', '9', '-60', '-12', 'O', 'blue straggler star', '13', '32'),
('36', 'S-UG738', '93', '13', '-66', '20', 'K', 'brown dwarf', '13', '79'),
('37', 'S-AD707', '74', '12', '-77', '18', 'F', 'pulsar', '13', '94'),
('38', 'S-TB981', '88', '9', '-40', '30', 'M', 'white dwarf star', '14', '67'),
('39', 'S-AE169', '35', '11', '59', '-4', 'G', 'long-period variable star', '14', '19'),
('40', 'S-EW883', '12', '2', '-1', '22', 'O', 'eclipsing variable star', '15', '51'),
('41', 'S-OT110', '17', '6', '47', '-10', 'A', 'variable star', '15', '44'),
('42', 'S-GV568', '69', '1', '17', '-23', 'B', 'flare star', '16', '39'),
('43', 'S-PU261', '85', '15', '15', '-16', 'F', 'flare star', '16', '11'),
('44', 'S-DE496', '77', '10', '62', '-4', 'M', 'supergiant star', '17', '17'),
('45', 'S-LY485', '46', '17', '41', '11', 'G', 'red dwarf star', '17', '66'),
('46', 'S-RD873', '15', '6', '-77', '9', 'O', 'white dwarf star', '17', '2'),
('47', 'S-AF209', '87', '15', '13', '-20', 'A', 'dwarf star', '17', '39'),
('48', 'S-QI644', '62', '2', '65', '-21', 'B', 'giant star', '17', '4'),
('49', 'S-IS483', '43', '16', '-35', '-3', 'K', 'neutron star', '18', '70'),
('50', 'S-YI592', '60', '1', '-38', '21', 'M', 'blue straggler star', '18', '62'),
('51', 'S-II756', '86', '23', '2', '-5', 'O', 'eclipsing variable star', '18', '32'),
('52', 'S-EY415', '29', '11', '10', '-12', 'A', 'pulsar', '18', '31'),
('53', 'S-GE839', '41', '2', '-26', '8', 'B', 'variable star', '19', '50'),
('54', 'S-SA155', '80', '11', '70', '-23', 'K', 'long-period variable star', '19', '26'),
('55', 'S-XU198', '26', '7', '-86', '-20', 'G', 'binary star', '20', '2'),
('56', 'S-PP239', '96', '3', '81', '6', 'F', 'brown dwarf', '20', '5'),
('57', 'S-UU040', '57', '20', '-37', '0', 'K', 'variable star', '20', '26'),
('58', 'S-SN118', '16', '4', '7', '-14', 'O', 'blue straggler star', '20', '84'),
('59', 'S-RV603', '40', '0', '-87', '-21', 'F', 'long-period variable star', '20', '59'),
('60', 'S-GR342', '7', '10', '78', '-14', 'B', 'brown dwarf', '21', '75'),
('61', 'S-PR916', '33', '5', '34', '18', 'G', 'red dwarf star', '21', '87'),
('62', 'S-EM837', '18', '16', '22', '-23', 'A', 'eclipsing variable star', '22', '47'),
('63', 'S-MF422', '19', '19', '-62', '17', 'M', 'supergiant star', '22', '60'),
('64', 'S-HR344', '79', '1', '-28', '2', 'B', 'white dwarf star', '22', '84'),
('65', 'S-DT907', '52', '1', '-33', '-28', 'K', 'dwarf star', '23', '9'),
('66', 'S-TK790', '70', '6', '-48', '14', 'G', 'flare star', '23', '55'),
('67', 'S-PU771', '71', '1', '43', '-8', 'F', 'giant star', '24', '21'),
('68', 'S-MO345', '72', '19', '55', '13', 'A', 'pulsar', '24', '58'),
('69', 'S-VF656', '39', '14', '-2', '17', 'M', 'neutron star', '24', '64'),
('70', 'S-NR331', '83', '8', '38', '-16', 'O', 'binary star', '25', '19'),
('71', 'S-OG137', '14', '10', '66', '-26', 'F', 'long-period variable star', '25', '87'),
('72', 'S-TN423', '4', '15', '4', '-18', 'B', 'dwarf star', '25', '61'),
('73', 'S-RA342', '63', '20', '-26', '-14', 'G', 'variable star', '25', '1'),
('74', 'S-AY106', '54', '4', '64', '-29', 'A', 'giant star', '26', '80'),
('75', 'S-MK050', '32', '10', '13', '-11', 'M', 'red dwarf star', '26', '2'),
('76', 'S-WW110', '28', '18', '-31', '18', 'K', 'brown dwarf', '26', '12'),
('77', 'S-TL241', '49', '12', '-15', '17', 'O', 'eclipsing variable star', '27', '78'),
('78', 'S-GT184', '27', '21', '35', '-10', 'A', 'pulsar', '27', '46'),
('79', 'S-NG928', '31', '3', '37', '11', 'K', 'supergiant star', '27', '95'),
('80', 'S-LU574', '30', '8', '71', '6', 'O', 'neutron star', '27', '16'),
('81', 'S-DW163', '10', '1', '-40', '5', 'F', 'binary star', '27', '31'),
('82', 'S-KN147', '21', '9', '-61', '6', 'B', 'flare star', '28', '46'),
('83', 'S-EN867', '25', '24', '-62', '-29', 'M', 'blue straggler star', '28', '91'),
('84', 'S-SR354', '56', '10', '46', '-24', 'G', 'white dwarf star', '28', '47'),
('85', 'S-YU990', '94', '5', '-31', '26', 'M', 'red dwarf star', '28', '93'),
('86', 'S-CR664', '11', '21', '8', '-11', 'G', 'long-period variable star', '29', '89'),
('87', 'S-MC337', '22', '4', '-18', '-22', 'O', 'giant star', '30', '3'),
('88', 'S-IG365', '9', '23', '86', '18', 'A', 'brown dwarf', '30', '89'),
('89', 'S-GN018', '55', '6', '-75', '-19', 'K', 'white dwarf star', '30', '9'),
('90', 'S-GS747', '6', '3', '-65', '16', 'F', 'dwarf star', '30', '45'),
('91', 'S-UN749', '73', '18', '-67', '20', 'B', 'variable star', '30', '65'),
('92', 'S-TU171', '89', '19', '5', '1', 'A', 'blue straggler star', '31', '53'),
('93', 'S-SC754', '99', '1', '-86', '-4', 'M', 'neutron star', '31', '58'),
('94', 'S-BR002', '58', '22', '33', '11', 'K', 'eclipsing variable star', '31', '40'),
('95', 'S-JZ164', '65', '12', '58', '-29', 'O', 'binary star', '32', '85'),
('96', 'S-VE705', '91', '18', '-17', '-27', 'B', 'flare star', '32', '64'),
('97', 'S-MC455', '82', '5', '-27', '0', 'G', 'supergiant star', '33', '82'),
('98', 'S-DD191', '36', '15', '31', '12', 'F', 'pulsar', '33', '51'),
('99', 'S-UQ444', '5', '11', '31', '-7', 'K', 'brown dwarf', '33', '8'),
('100', 'S-XZ969', '47', '5', '-68', '10', 'F', 'variable star', '34', '37');



INSERT INTO "users" ("user_id", "username", "email", "password", "first_name", "last_name", "date_of_birth") VALUES
('1', 'ebalducci29128', 'eliot.balducci@aol.com', '*!5Uj$3!!U5!*#', 'Eliot', 'Balducci', '1993-08-24'),
('2', 'ldilloway50275', 'laurel.dilloway@gmail.com', '!W1tn*&$', 'Laurel', 'Dilloway', '1969-06-17'),
('3', 'ccoxhead16945', 'celka.coxhead@gmail.com', '#0*s$h5O**1s', 'Celka', 'Coxhead', '1958-11-29'),
('4', 'mde beneditti48811', 'mikey.debeneditti@gmail.com', '$$*%5!*#*&!V', 'Mikey', 'De Beneditti', '1955-08-30'),
('5', 'qnicklin34030', 'quillan.nicklin@hotmail.com', '*#*BD&&hfI', 'Quillan', 'Nicklin', '1970-01-09'),
('6', 'pcastiello6442', 'patrice.castiello@yahoo.com', 'C!%**#9%*#$!*65', 'Patrice', 'Castiello', '1987-07-25'),
('7', 'wthundercliffe27702', 'wells.thundercliffe@yahoo.com', '*!8!%%&%$H1!*%!I', 'Wells', 'Thundercliffe', '1986-08-28'),
('8', 'gdonovan57037', 'gabie.donovan@hotmail.com', 'ZIN$!1X!!xl0ybO', 'Gabie', 'Donovan', '2000-04-08'),
('9', 'cstretton2805', 'catlin.stretton@gmail.com', '*!!2E*9*L62L%t&7', 'Catlin', 'Stretton', '1976-07-10'),
('10', 'slimeburner14288', 'stephi.limeburner@gmail.com', '!xt%M#3%3', 'Stephi', 'Limeburner', '2005-08-05'),
('11', 'igolson22352', 'iago.golson@gmail.com', 'u4#23*l$', 'Iago', 'Golson', '1978-12-12'),
('12', 'gtoulmin60889', 'gabriel.toulmin@gmail.com', '5*L*!e$*dcu', 'Gabriel', 'Toulmin', '1969-09-13'),
('13', 'akerrane54747', 'angelika.kerrane@gmail.com', 'Ig*U460!!**@', 'Angelika', 'Kerrane', '1956-11-16'),
('14', 'hhupe36478', 'hetti.hupe@gmx.de', '*!s&&IchF', 'Hetti', 'Hupe', '1969-09-11'),
('15', 'rtavener27922', 'rebekah.tavener@yahoo.com', 'To!!n4U0Ev', 'Rebekah', 'Tavener', '1998-04-14'),
('16', 'mdanilevich65394', 'merrilee.danilevich@att.net', '1!6!*&k*%o', 'Merrilee', 'Danilevich', '1993-04-22'),
('17', 'acramb3307', 'abie.cramb@yahoo.com', '***$f!d**Dn', 'Abie', 'Cramb', '2005-12-21'),
('18', 'mkinkade462', 'michael.kinkade@arcor.de', '%Lt!**!*t*%#!', 'Michael', 'Kinkade', '1994-11-30'),
('19', 'dcolten13271', 'darwin.colten@gmail.com', '*0nP*Fy!&s', 'Darwin', 'Colten', '2002-04-10'),
('20', 'jcrallan46893', 'jessamine.crallan@hotmail.com', '*$5I3k*i', 'Jessamine', 'Crallan', '2005-03-13'),
('21', 'dstallibrass28321', 'dyann.stallibrass@yahoo.com', 'Ju!!x!Rhn2Wg!e%', 'Dyann', 'Stallibrass', '1956-01-04'),
('22', 'ckersting46700', 'cherye.kersting@gmail.com', '&!!!6!N*N', 'Cherye', 'Kersting', '1947-01-21'),
('23', 'dhay37367', 'derrek.hay@verizon.net', '!&!&!Kby', 'Derrek', 'Hay', '1996-12-20'),
('24', 'aaston25904', 'aidan.aston@hotmail.co.uk', '9aW*!%!*', 'Aidan', 'Aston', '1962-07-27'),
('25', 'glillegard9988', 'goldi.lillegard@hotmail.com', '&4%*J*Y79*', 'Goldi', 'Lillegard', '1978-04-22'),
('26', 'eseckington43722', 'elfie.seckington@hotmail.com', '$e&*d6m!!&DL', 'Elfie', 'Seckington', '1987-12-31'),
('27', 'gkilfeder63125', 'galvin.kilfeder@yahoo.com', '3eU#**!!6ZvK!Q', 'Galvin', 'Kilfeder', '1982-06-21'),
('28', 'gpeaker55536', 'griz.peaker@orange.fr', '96C*j%#!$', 'Griz', 'Peaker', '1952-07-18'),
('29', 'acamelli16493', 'adah.camelli@gmail.com', '*iAf7D!!ce!!$%o', 'Adah', 'Camelli', '1974-10-29'),
('30', 'pbrecknock60660', 'pauli.brecknock@yahoo.com', 'j6z!KnI72M', 'Pauli', 'Brecknock', '1968-05-22'),
('31', 'avannikov2721', 'antonio.vannikov@hotmail.com', '!cf5*6!&!6', 'Antonio', 'Vannikov', '1949-09-17'),
('32', 'dvears64242', 'dara.vears@gmail.com', '!JYui!Vb&LC*$', 'Dara', 'Vears', '1956-01-26'),
('33', 'alivick62719', 'anne.livick@libero.it', '*f!W*L*F*!', 'Anne', 'Livick', '2005-10-07'),
('34', 'rdjokic59081', 'ringo.djokic@gmail.com', '*3%D*P#9&T!n', 'Ringo', 'Djokic', '1986-03-09'),
('35', 'mseabrocke47125', 'maddie.seabrocke@gmail.com', '!IrW*2!*dQ$&*', 'Maddie', 'Seabrocke', '1948-09-16'),
('36', 'hvan der baaren50425', 'huey.vanderbaaren@yahoo.fr', '4m*!!m**g#***8*s', 'Huey', 'Van der Baaren', '1975-06-19'),
('37', 'centwhistle45939', 'caritta.entwhistle@hotmail.com', 'Ul0R!*$&%$!*4C!', 'Caritta', 'Entwhistle', '1985-01-19'),
('38', 'ghanniger2074', 'gayel.hanniger@gmail.com', '!**C$&#t', 'Gayel', 'Hanniger', '1988-09-07'),
('39', 'mkruschov37743', 'meghann.kruschov@gmail.com', '!!$!w#&0!$9', 'Meghann', 'Kruschov', '1978-05-20'),
('40', 'gfolke43725', 'gardiner.folke@hotmail.com', '*!NS%fvcO*!*00y!', 'Gardiner', 'Folke', '1973-03-07'),
('41', 'achamberlaine26088', 'arda.chamberlaine@alice.it', '!*al%!9H*!2$@a6', 'Arda', 'Chamberlaine', '1959-10-04'),
('42', 'cockwell38065', 'cornall.ockwell@yahoo.com', 'p!3!5!*9!s!', 'Cornall', 'Ockwell', '1972-05-09'),
('43', 'ssteele23386', 'siobhan.steele@comcast.net', '4#6#H!*#*%gr!to', 'Siobhan', 'Steele', '1968-09-06'),
('44', 'sbradder264', 'stu.bradder@gmail.com', '*l3y*$C*', 'Stu', 'Bradder', '1966-03-23'),
('45', 'sbernadot47008', 'susanne.bernadot@skynet.be', 'yG2!P9ro9&!QT!2', 'Susanne', 'Bernadot', '2001-02-20'),
('46', 'khyland28730', 'katrina.hyland@orange.fr', '$d!4*8!FON', 'Katrina', 'Hyland', '1973-10-04'),
('47', 'lbaszniak3758', 'lyell.baszniak@yahoo.com.ar', '*%ILhm$2', 'Lyell', 'Baszniak', '1967-07-26'),
('48', 'drehn6648', 'dari.rehn@yahoo.com', '&&&%e*3&N9$NI!!', 'Dari', 'Rehn', '1974-03-28'),
('49', 'zyate29347', 'zorina.yate@yahoo.com', 'Hf1&v!!#dW%*p%1&', 'Zorina', 'Yate', '1986-01-28'),
('50', 'mbagg63296', 'maddalena.bagg@gmail.com', '#57!!3y*8z#G!!', 'Maddalena', 'Bagg', '1972-10-11'),
('51', 'srobun13782', 'sunny.robun@hotmail.com', '!1&&2*!*%ME', 'Sunny', 'Robun', '1996-05-29'),
('52', 'jchadbourne40101', 'jude.chadbourne@gmail.com', 'VEq!mG!2%5$*0', 'Jude', 'Chadbourne', '1956-05-29'),
('53', 'crounding30900', 'collen.rounding@yahoo.com', 'RB!#R!97t$%ZF#j', 'Collen', 'Rounding', '2006-12-20'),
('54', 'vgiacobbinijacob17272', 'vi.giacobbinijacob@live.co.uk', '!c6NN*6!i2', 'Vi', 'GiacobbiniJacob', '1953-06-05'),
('55', 'klycett62686', 'kirsten.lycett@gmail.com', 'uB0*!gW01*$', 'Kirsten', 'Lycett', '1974-06-17'),
('56', 'dsutcliff7652', 'danya.sutcliff@gmail.com', '!@b&**$J0!27', 'Danya', 'Sutcliff', '1948-10-29'),
('57', 'hfilipputti19753', 'horton.filipputti@bol.com.br', '&*!*!*4!4!*rf', 'Horton', 'Filipputti', '1949-09-06'),
('58', 'gbaldinotti9475', 'gale.baldinotti@hotmail.co.uk', '6!!**1*E*!', 'Gale', 'Baldinotti', '1997-05-25'),
('59', 'kgambell8484', 'keary.gambell@yahoo.com', 'ep$sFU*e*%!*#', 'Keary', 'Gambell', '1960-01-31'),
('60', 'dhuriche324', 'dennie.huriche@comcast.net', '84*1!!!*7*!', 'Dennie', 'Huriche', '2001-11-08'),
('61', 'mbeaford172', 'maire.beaford@hotmail.com', '!B**1*d!*rN', 'Maire', 'Beaford', '1954-09-26'),
('62', 'kchatres44202', 'karlen.chatres@hotmail.com', '!nPx!&D#*', 'Karlen', 'Chatres', '1980-11-06'),
('63', 'aivanets1451', 'artair.ivanets@laposte.net', '!s!9*mi*K0Or40', 'Artair', 'Ivanets', '1948-10-21'),
('64', 'nmusslewhite31251', 'nanine.musslewhite@hotmail.com', 'e*$32u$j*YXJ!', 'Nanine', 'Musslewhite', '1971-06-09'),
('65', 'blias37854', 'berny.lias@gmail.com', '*e&*SS*8p!g8Ck#', 'Berny', 'Lias', '1980-02-20'),
('66', 'jjeenes40516', 'jemmie.jeenes@gmail.com', '*!*D$H!!*', 'Jemmie', 'Jeenes', '1985-07-19'),
('67', 'khallatt53365', 'keir.hallatt@aol.com', '!*#&#&$!X*!&*a', 'Keir', 'Hallatt', '1957-05-27'),
('68', 'gmulvin61542', 'giffy.mulvin@yahoo.com', '@*3&L*#S*i%b%*', 'Giffy', 'Mulvin', '1960-02-23'),
('69', 'jkonmann55657', 'jeremiah.konmann@gmail.com', '70*&%*!!', 'Jeremiah', 'Konmann', '1983-07-15'),
('70', 'mpeach8973', 'mercie.peach@hotmail.com', '**!cl&*G*a1*!E%', 'Mercie', 'Peach', '1963-05-06'),
('71', 'dphillcock23680', 'dyane.phillcock@yahoo.com', '!*!&T!e*wa*9O7', 'Dyane', 'Phillcock', '1996-05-11'),
('72', 'edassindale51398', 'evonne.dassindale@yahoo.com', '!zv!*%#!L1$f!D', 'Evonne', 'Dassindale', '1982-09-04'),
('73', 'stremmil50244', 'sergeant.tremmil@gmail.com', 'UGG*!!**A$$&', 'Sergeant', 'Tremmil', '1981-11-13'),
('74', 'qkardos12712', 'quintina.kardos@gmail.com', '*o1Xi!y*!', 'Quintina', 'Kardos', '2003-03-09'),
('75', 'lfairney14719', 'lulita.fairney@gmail.com', '!!**lT#4!!ij', 'Lulita', 'Fairney', '1989-07-03'),
('76', 'dshaw34283', 'deirdre.shaw@gmail.com', 'ZN!i*u*!*k2&%93g', 'Deirdre', 'Shaw', '1963-04-22'),
('77', 'hfussie53436', 'helenelizabeth.fussie@aol.com', '*7*H2*s4#$k*', 'Helenelizabeth', 'Fussie', '1979-05-25'),
('78', 'pcaudrey21771', 'pietro.caudrey@hotmail.com', '!2J****aCdk*', 'Pietro', 'Caudrey', '1984-11-19'),
('79', 'shopewell48444', 'siusan.hopewell@hotmail.com', '5D*$%9*6J22*#I', 'Siusan', 'Hopewell', '1980-01-27'),
('80', 'dcellone43219', 'devonne.cellone@gmail.com', '!!*2K$R!*!&5C', 'Devonne', 'Cellone', '1957-12-18'),
('81', 'fotteridge5668', 'fay.otteridge@yahoo.com.au', '!v$4PY6!&$', 'Fay', 'Otteridge', '1958-05-13'),
('82', 'crallin31854', 'corney.rallin@comcast.net', '***JV*$$z$*7*', 'Corney', 'Rallin', '2005-12-14'),
('83', 'dbarwis22912', 'darius.barwis@gmail.com', 'AA*O!9*H&sv&d', 'Darius', 'Barwis', '1997-07-17'),
('84', 'cpeile2381', 'chandler.peile@hotmail.com', '!u3&*6*M!8*', 'Chandler', 'Peile', '1998-01-04'),
('85', 'sshearmur15784', 'sashenka.shearmur@gmail.com', '!vG!I9!!', 'Sashenka', 'Shearmur', '1981-08-27'),
('86', 'lmaidment57867', 'lazarus.maidment@mail.ru', '*K*68&61I9O!*', 'Lazarus', 'Maidment', '1977-01-12'),
('87', 'measen64632', 'moyna.easen@gmail.com', 'HDf!8*&&', 'Moyna', 'Easen', '1988-01-08'),
('88', 'crubrow51125', 'cecily.rubrow@hotmail.com', '!%S3!%&f6!aIpW', 'Cecily', 'Rubrow', '1998-05-23'),
('89', 'ogarriock20720', 'odette.garriock@yahoo.com', '*S2$7!u$u9$8!#&!', 'Odette', 'Garriock', '1950-12-05'),
('90', 'sbowart62073', 'sheeree.bowart@yahoo.com.br', 'vhI!O#7%', 'Sheeree', 'Bowart', '1965-01-23'),
('91', 'krand47725', 'karilynn.rand@yahoo.com', '$*!P&#i54', 'Karilynn', 'Rand', '1964-02-06'),
('92', 'carderne21338', 'claribel.arderne@bigpond.com', 'Gba2!8z%f*$x', 'Claribel', 'Arderne', '1991-08-13'),
('93', 'lgoracci34389', 'lucine.goracci@hotmail.com', '2!%#6!W&$f', 'Lucine', 'Goracci', '1954-12-20'),
('94', 'squodling6649', 'sanderson.quodling@tiscali.co.uk', '8S&&!p!!Q$', 'Sanderson', 'Quodling', '1975-05-29'),
('95', 'iglowacki17628', 'isis.glowacki@gmail.com', '*!0&!!!70#%#4*', 'Isis', 'Glowacki', '2006-02-16'),
('96', 'dlartice40869', 'dunc.lartice@yahoo.com', '*BSTHx%3ic7@', 'Dunc', 'Lartice', '1995-09-11'),
('97', 'dkovalski33116', 'danna.kovalski@sbcglobal.net', '!u!$#*B2ak*', 'Danna', 'Kovalski', '1993-11-25'),
('98', 'cgoss276', 'chandal.goss@rediffmail.com', '2#s&%M!**2S', 'Chandal', 'Goss', '1973-02-26'),
('99', 'msycamore17635', 'martelle.sycamore@mail.ru', '!!q*v&1V6*', 'Martelle', 'Sycamore', '1964-11-21'),
('100', 'tperazzo50392', 'torey.perazzo@yahoo.com', 'Cd$iWh&rFnBC*H*', 'Torey', 'Perazzo', '1945-08-08');

UPDATE users SET password = '$2b$12$jHbPfRkyoykstRFTgNhGxOlmRobN.OSMjXTthF.Mx9036HhRh.zRO';
